LV10 ノマゲ難易度表,,,赤文字はHARD地雷(表記難易度＋3以上の差),,,,,,,,,,,,,,,,,,,,
,,,青文字はHARD逃げ推奨(表記難易度-3以上の差),,,,,,,,,,,,,,,,,,,,
,,,,,,,,,,,,,,,,,,,,,,,
,,,難度１0,,難度９,,難度８,,難度７,,難度６,,難度５,,難度４,,難度３,,難度２,,難度１,,難度０
,,FALSE,alla turca con passione,FALSE,Aeterna,FALSE,250bpm,FALSE,199024club -Re:BounceKiller-(H),FALSE,2 Beasts Unchained(H),FALSE,1116(H),FALSE,100％minimoo-G(H),,【地力】,,【地力】,,【地力】,FALSE,【地力】
,,FALSE,ALTNATOR(H),FALSE,As You Want,FALSE,50th Memorial Songs 二人の時～under the cherry blossoms～,FALSE,1st Samurai(H),FALSE,3y3s(H),FALSE,5.1.1,FALSE,1001-ESCAPE-,FALSE,ABSOLUTE,FALSE,AO-1(H),FALSE,being torn the sky,TRUE,ANEMONE
,,FALSE,Apocalypse～dirge of swans～,FALSE,Blue Spring Express(H),FALSE,A(H),FALSE,AA(H),FALSE,ABSOLUTE EVIL(H),FALSE,ACCELERATE,FALSE,24h Endurance Race(H),FALSE,Abyss-The Heavensﾘﾐ(H),FALSE,CROSS ROAD～Left Story～,TRUE,Colorful Cookie(H),TRUE,GRAVITON(H)
,,FALSE,Backyard Stars,FALSE,Central Station,FALSE,AA-rebuld(H),FALSE,Abyss-The Heavensﾘﾐ(A),FALSE,Acidiva303,FALSE,ACTØ(H),FALSE,8bit Princess,FALSE,Aftermath(H),TRUE,DAYDREAMER,TRUE,From Human Blood(H),TRUE,KOTONOHA ft.Kotoha
,,FALSE,Bitter & Lucky,FALSE,end of world,FALSE,Angels & Demons,FALSE,Adularia(H),FALSE,AGAiN,FALSE,Agnus Dei,TRUE,ALBIDA(H),FALSE,Answer,FALSE,Fantasia,FALSE,GENERATE feat.綾倉盟,FALSE,No Border(H)
,,FALSE,D(H),FALSE,eRAseRmOToRpHAntOM(H),FALSE,bass 2 bass,FALSE,ADVANCE,FALSE,AGETEKE ONDO,FALSE,AKASHIC BREAK(H),FALSE,Ambivalent Vermilia(H),FALSE,Arabian Rave Night(H),FALSE,GENE(H),FALSE,Grand Chariot(H),TRUE,Only for now
,,FALSE,Deep Sea Mystery,FALSE,KILL EACH OTHER(H),FALSE,BLACK by X-Cross Fade(H),FALSE,ALFARSHEAR双神威,FALSE,AMICABLE,FALSE,Akatsuki,FALSE,Antigravity(H),FALSE,Ariah,FALSE,Here We Go Now(H),FALSE,Iris,TRUE,PALETTE
,,FALSE,DENIM,FALSE,Let The Snow Paint Me -Yco. Remix-,FALSE,BLUE STRAGGLER,FALSE,ANAGMA,FALSE,Ancient Scapes(H),FALSE,Almace,TRUE,Arcanos,FALSE,AWA AWA,FALSE,Highcharge Divolt(H),FALSE,NEW SENSATION-もう､あなたしか見えない-(H),FALSE,Primitive Vibes(H)
,,FALSE,garden,FALSE,Level 5(H),FALSE,Carmina(H),FALSE,ANCHOR(H),FALSE,Angel's Ladder(H),FALSE,"Anisakis-somatic mutation type""Forza""-(H)",FALSE,avant-guerre,FALSE,Battle Train-IIDX Edition-(H),FALSE,Keep it-秋葉工房mix-,FALSE,Regina vespaE(H),TRUE,Sweet Clapper
,,FALSE,Hella Deep,FALSE,LOVELY STORM,FALSE,Chemical Cookie,FALSE,ANDROMEDA II,FALSE,Arcana,FALSE,awakening,FALSE,BabeL ～Grand Story～(H),FALSE,Believe in you,TRUE,Lycoris,TRUE,Roar of Chronos(H),FALSE,ﾃﾞﾗむぅのでらっくす☆どり～むぅ
,,FALSE,Howling(L),FALSE,lower world,FALSE,COSMIC RAY(H),FALSE,AO-∞,FALSE,Ascalon,FALSE,beatAffection,FALSE,Back Into The Light,FALSE,Be OK,FALSE,Million Dollar(H),FALSE,Satellite Burst(H),TRUE,ﾊﾞﾌﾞﾘﾝ
,,FALSE,LAB,FALSE,Musik LoverZ,FALSE,CUE CUE RESCUE,FALSE,Artist(H),FALSE,B4U,FALSE,BEAUTIFUL ANGEL,FALSE,Bad Encrypiton(H),TRUE,Best of Me,FALSE,MOON,FALSE,Sweet Reader,TRUE,ﾋﾞﾋﾞﾃﾞﾊﾞ
,,FALSE,Leaving,FALSE,NΦ CRIME(L),FALSE,Devil's Gear(H),FALSE,Aurora(H),FALSE,BABY LOVE,FALSE,Beyond The Earth(H),FALSE,Binary Black Hole(H),FALSE,Bloody Tears,TRUE,O/D*20,TRUE,昏き鋼鉄のｳﾞｪﾙｶﾞ,FALSE,【個人差】
,,FALSE,Make A Difference,FALSE,Partcle Arts,FALSE,Do Back Burn,FALSE,Bad Maniacs(H),FALSE,Beautiful Harmony(IIDX Mix),FALSE,BLAZING_LAZER(H),FALSE,BITTER CHOCOLATE STRIKER(H),FALSE,CaptivAte～誓い～,FALSE,Odin,TRUE,ｼﾙ･ｳﾞ･ﾌﾟﾚｼﾞﾃﾞﾝﾄ,TRUE,BLUST OF WIND
,,FALSE,M.D.Injection,FALSE,Red by.Jack Trance(H),FALSE,Do it!! Do it!!(H),FALSE,Bahram Attack-猫叉Master Remix-,FALSE,BLO§OM,FALSE,Bling-Bang-Bang-Born,FALSE,B.O.D.Y(H),FALSE,Catch Our Fire!(H),FALSE,OOO,FALSE,新時代,FALSE,Elisha(H)
,,FALSE,Miracle 5ympho X,FALSE,Rowdy,FALSE,Donkey Donk,FALSE,BLACK JACKAL,FALSE,BLUE DRAGON(雷龍RemixIIDX)(H),FALSE,BRAVE GLOW,FALSE,BOOM BOOM DISCO NIGHT,FALSE,Caterpillar(H),FALSE,Out of Control(H),FALSE,旋律のﾄﾞｸﾞﾏ〜Misérables〜(H),FALSE,ｱﾗﾋﾞｱﾝﾊｲﾊﾟｰﾅｲﾄ(H)
,,FALSE,PARANOiA survivor MAX,FALSE,Shirdal,FALSE,Don't be afraid myself,FALSE,BLUE MIRAGE(H),FALSE,BRAINSTORM(H),FALSE,BRAVE OUT,FALSE,Broken Sword(H),FALSE,chrono diver-fragment-(L),FALSE,Power of love,FALSE,月雪に舞う華のように,,
,,FALSE,POINT ZERO,FALSE,SNOW,FALSE,Do What You Want,FALSE,Brave Spirits,FALSE,Calvados Queen,FALSE,Break Stasis,FALSE,Chasing After YOU～夢の欠片～ft.小林ﾏﾅ,FALSE,CoMAAAAAAA,FALSE,Rave Patroller(H),TRUE,ﾄﾞｰﾅﾂﾎｰﾙ2024,,
,,FALSE,Serious?,FALSE,SOLID STATE SQUAD(H),FALSE,DXY!,FALSE,Breaking the ground,FALSE,Chewingood!!!,FALSE,Breakin' Chain,FALSE,Close the world f.a☆ru(H),FALSE,COSMIC V3LOCITY(H),FALSE,SAMSARA,FALSE,¡Viva!,,
,,FALSE,Shamshir,FALSE,SPEED ROCKER,FALSE,EXUSIA(H),FALSE,Buffalo,FALSE,CONTRACT(H),FALSE,Beat Radiance,FALSE,Colors-Y&Co.Eurobeat,FALSE,Dans la nuit de l'éternité(H),FALSE,SEQUENCE CAT(H),FALSE,夢縁(H),,
,,FALSE,Shapeshifter,FALSE,The Best of Both Worlds,FALSE,FEEL IT,FALSE,Candy Galy(H),FALSE,COUNTING SHEEP ft.Kanae Asaba,FALSE,BREATH,FALSE,Concertino in Blue(H),FALSE,Dazzlin' Darlin-秋葉工房mix-,TRUE,Shooting Star,,【個人差】,,
,,FALSE,SIGMA,FALSE,THE PEERLESS UNDER HEAVEN(H),FALSE,four pieces of heaven(H),FALSE,CaptivAte～裁き～(SUBLIME TECHNO MIX),FALSE,DEADHEAT(H),FALSE,CADENZA(H),FALSE,Cross Fire(H),FALSE,DIVINE JUDGEMENT(H),FALSE,THE CANNONBALLER(H),FALSE,Thor's Hammer(H),,
,,FALSE,Skratch Education Lv-1(H),FALSE,THE SAFARI(H),FALSE,GENOCIDE(H),FALSE,Catch Me,FALSE,DIVE INTO YOUR HEART,FALSE,Cradle,FALSE,D.A.N.C.E.!,FALSE,DM STAR～関西 energy style～,FALSE,The Sealer ～ｱ･ﾐﾘｱとﾐﾘｱの民～,FALSE,追想快晴ﾃｰﾏﾊﾟｰｸ(H),,
,,FALSE,The Sky of Sadness,FALSE,Timepiece phase II(CN Ver.)(H),FALSE,GRADIUS2012,FALSE,Chain of pain,FALSE,Double Dribble(H),FALSE,Cranberry City ft.Luschel,FALSE,Dahlia(H),FALSE,DORNWALD～Junge～(H),TRUE,Tiempo Loco(H),,,,
,,FALSE,Timepiece phase II(H),FALSE,NEW-GENERATIONもうお前しか見えない,FALSE,GO OVER WITH GLARE -ROOTAGE 26-(H),FALSE,Confiserie(H),FALSE,Dynamite(H),FALSE,Cyber Force,FALSE,dAuntl3ss(H),FALSE,Drive Me Crazy,FALSE,Triple Counter(H),,,,
,,FALSE,TRIP MACHINE PhoeniX,FALSE,VØID(H),FALSE,Here We Are,FALSE,Daisuke,FALSE,ECHIDNA(H),FALSE,Cyber Force-DJ Yoshitaka Remix-(A),FALSE,Dazzlin'Darlin,FALSE,EURO-ROMANCE,FALSE,Triple Cross(H),,,,
,,FALSE,"You'll say ""Now!""(H)",FALSE,V2(H),FALSE,Jumper,FALSE,DEATH†ZIGOQ〜怒りの高速爆走野郎〜(H),FALSE,Eleanor,FALSE,Damage Per Second(L),FALSE,do the thing feat. Kanae Asaba,FALSE,Everlasting Last,FALSE,Umbral,,,,
,,FALSE,50th Memorial Songs-Beginning Story,FALSE,Warrior,FALSE,KAISER PHOENIX(H),FALSE,Demon March(H),FALSE,Feedback,FALSE,Dances with Snow Fairies(H),FALSE,double thrash(A),FALSE,EXE,FALSE,When I Met U,,,,
,,FALSE,駅猫のﾜﾙﾂ(H),FALSE,50th Memorial Songs-Flagship medley-,FALSE,Level 3(H),FALSE,Digital Skipper,FALSE,Fly Above (Vicissitude Remix),FALSE,destination(H),FALSE,double thrash(H),FALSE,Explorer feat.ぷにぷに電機,FALSE,X-rated,,,,
,,FALSE,罪過の聖堂,FALSE,焔極OVERKILL(H),FALSE,Level 4(H),FALSE,DRUNK MONKY(H),FALSE,Fly you to the star,FALSE,Despair of ELFERIA(H),FALSE,Dreaming Dream,FALSE,F(H),FALSE,7 colors,,,,
,,FALSE,灼熱Beach Side Bunny(Masayoshi Iimori Remix),FALSE,ｽｷｯﾃｲｴｪｴｴｪ!!!!(H),FALSE,Lords Of The Roundtable(H),FALSE,Empire of Fury(H),FALSE,G59(H),FALSE,Devilz Staircase(H),FALSE,DUAL STRIKER(H),FALSE,FANTASTIC THREE(H),FALSE,[ ]DENTITY(H),,,,
,,FALSE,ﾗｽﾄｾﾝﾁｭﾘｰﾒﾗﾝｺﾘｯｸ,FALSE,ないないﾙｰﾃｨﾝ,FALSE,Mächö Mönky(H),FALSE,Everlasting Message(H),FALSE,GAIA(H),FALSE,Distress(H),FALSE,EMOTiON TRiPPER,FALSE,Fegrix(H),FALSE,愛包ﾀﾞﾝｽﾎｰﾙ,,,,
,,,,FALSE,ﾐﾗｰｼﾞｭ･ﾚｼﾞﾃﾞﾝｽ,FALSE,Makin it(H),FALSE,Fading Stars,FALSE,Geirskögul,FALSE,DOMINION(H),FALSE,EVANESCENT(H),FALSE,Fly Away(H),FALSE,ｱﾀｼ完全絶対正義ちゃん!,,,,
,,,,,,FALSE,Midnight Drive,FALSE,fffff(H),FALSE,Get'em up to R.A.V.E,FALSE,Don't believe the hype(H),FALSE,Everlasting Resort,FALSE,Flying Castle(H),FALSE,異心前進♪ぴょんぴょんぴょん,,,,
,,,,,,FALSE,Mind Mapping(L),FALSE,FLARE-炎舞-ft.Nana Takahashi,FALSE,Get Wicked,FALSE,Drastic Dramatic(H),FALSE,EX-MASSIVE FIGHTER(H),FALSE,frequent(H),TRUE,ｴﾃﾞｨﾌﾞﾙﾌﾗﾜｰの独白,,,,
,,,,,,FALSE,Monkey Dance '09,FALSE,GALGALIM(H),FALSE,Go Ahead!!(H),FALSE,DropZ-Line-(H),FALSE,Expanded!!,FALSE,Freeway Shuffle,FALSE,ｴｸｽﾌﾟﾛｳﾙ,,,,
,,,,,,FALSE,moon child(H),FALSE,GAME ON(H),FALSE,Go Beyond!!(H),FALSE,EDEN,FALSE,Express Emotion,TRUE,God Speed(H),FALSE,ｵﾄﾞﾙｰﾌﾟ,,,,
,,,,,,FALSE,NANAIRO,FALSE,GHOST REVIVAL,FALSE,God mind(H),FALSE,Eremental Creation(H),FALSE,EYE OF THE HEAVEN(H),TRUE,HAPPY☆ANGEL,TRUE,怪物,,,,
,,,,,,FALSE,Narcisus at Oasis(A),FALSE,Glitch Nerds,FALSE,Go Faraway,FALSE,ΕΛΠΙΣ(H),FALSE,Feel the Beat(H),FALSE,Heavenly Sun(IIDX VERSION),FALSE,華蝶風雪(H),,,,
,,,,,,FALSE,NEBULA GRASPER,FALSE,GREEN EYES,FALSE,GRADIUS -FULL SPEED-,FALSE,e-motion 2003-romantic extra-,FALSE,Fire Beat(H),FALSE,Horizons of Promise,FALSE,神様､つれない｡,,,,
,,,,,,FALSE,Non Stop Rock,FALSE,GUILTY,FALSE,GRID KNIGHT,FALSE,entelechia(H),FALSE,FIRE FIRE(H),FALSE,HYPE THE CORE(H),TRUE,ｷﾞｬ･ｷﾞｬ･ｷﾞｬ･ｷﾞｬﾗｸｼｰ!,,,,
,,,,,,FALSE,oratio(H),FALSE,HAERETICUS(H),FALSE,Hard Breaker,FALSE,EROICA(H),FALSE,Flämingo(H),FALSE,I(H),FALSE,きゅんです｡,,,,
,,,,,,FALSE,PLASMA SOUL NIGHT feat. Nana Takahashi / 709sec.(H),FALSE,hard-wired(H),FALSE,HYPER EUROBEAT(2DX style),FALSE,Euphoric Lagoon,FALSE,Flip Flap,FALSE,ILIAS,FALSE,次葉-turn the page-,,,,
,,,,,,FALSE,Präludium,FALSE,HAT TRICK,FALSE,ICARUS(H),FALSE,fallen leaves-IIDX edition-(H),FALSE,Forgetting Machine,FALSE,Infinite cave,FALSE,ｾﾋﾟｱの軌跡 ft.天宮みや(少女ﾌﾗｸﾀﾙ),,,,
,,,,,,FALSE,Quakes(H),FALSE,HIGH VOLTAGE,FALSE,If,FALSE,FERMI♡PARADOX,FALSE,Follow Tomorrow,FALSE,innocent revolver(H),FALSE,ちょえちょえまぎか(H),,,,
,,,,,,FALSE,ra'am(H),FALSE,I am,FALSE,Infinity Mirror,FALSE,Flash Back 90's,FALSE,From Time To Time,FALSE,LADS,FALSE,月と夢の跡ft.ﾏﾅ,,,,
,,,,,,FALSE,Reflection Into the EDEN,FALSE,Illusionary Waterlily(H),FALSE,Initiation(H),FALSE,Frisk And Squeak,FALSE,Ganymade(H),FALSE,Last Dance(H),FALSE,鉄甲乙女-under the steel-,,,,
,,,,,,FALSE,RIDE ON THE LIGHT(HI GREAT MIX)†,FALSE,Jack,FALSE,IMPLANTATION(H),FALSE,Galaxy Collapse,TRUE,get set mind,FALSE,LETHEBOLG双神威に斬り咲けり,FALSE,電子になりたい,,,,
,,,,,,FALSE,RISING YOU UP,FALSE,JOMANDA(H),FALSE,Kung-fu Empire(H),FALSE,"Get set, Go! feat.Kanae Asaba",FALSE,GET UP AGAIN,FALSE,Little Little Princess(H),FALSE,夏の匂い｡キミの残像｡ft.Kanae Asaba,,,,
,,,,,,FALSE,rottel-da-sun,FALSE,KAMIKAZE,FALSE,L'amour et la liberté,FALSE,Glitch N Ride(H),FALSE,GiGaGaHell(H),FALSE,LIVE DRIVING!! feat.花たん(H),FALSE,酔いどれ知らず,,,,
,,,,,,FALSE,SCREAM SQUAD(H),FALSE,LAX5 feat.Ryota Yoshinari,FALSE,LUV CAN SAVE U†,FALSE,Good Looking,FALSE,glacia(H),FALSE,LOVE B.B.B,FALSE,【個人差】,,,,
,,,,,,FALSE,Scripted Conection N ⇒mix,FALSE,Let me be your cure,FALSE,LUV DRIVE,FALSE,Hold My Hand,FALSE,Golden Palms,FALSE,LOVE SHINE,FALSE,DAY DREAM(H),,,,
,,,,,,FALSE,Set U Free feat. Kanae Asaba,FALSE,"Life Is A Game ft.DD""ﾅｶﾀ""Metal(H)",FALSE,MEGAERA(H),FALSE,Hollywood Galaxy(H),FALSE,Harmonia,FALSE,Macuilxochitl(H),FALSE,dica dica(H),,,,
,,,,,,FALSE,Sigmund(H),FALSE,LOCUS OF THE TRAVEL(H),FALSE,Megalara Garuda(H),FALSE,HOT LIMIT,FALSE,Hat Surprise(Season 3),FALSE,M4K3 1T B0UNC3(H),FALSE,Mid-Corner(Magic Maker)(H),,,,
,,,,,,FALSE,SigSig,FALSE,LOVE IS ORENGE,FALSE,Modular Technology(H),FALSE,Hydrogen Blueback,FALSE,HEARTACHE,TRUE,Mermaid girl,FALSE,Sounds Of Summer(H),,,,
,,,,,,FALSE,Slumber☆Party,FALSE,Love Magic,FALSE,Narcisus at Oasis(H),FALSE,Ignis†Iræ(H),FALSE,hora de verdad(H),FALSE,MINT(H),FALSE,Take It Easy(H),,,,
,,,,,,FALSE,SμG@R RU$#(H),FALSE,Macho Gang,FALSE,nyan nyan university,FALSE,illminate,FALSE,Hypersonik,FALSE,Next Level,FALSE,TOGAKUSHI(H),,,,
,,,,,,FALSE,SWEET LAB,FALSE,madrugada,FALSE,New Castle Legions(H),FALSE,into the battlefield,FALSE,Idola(H),FALSE,Ōu Legends(H),FALSE,≡＋≡(H),,,,
,,,,,,FALSE,THE F∀UST(H),FALSE,Make Me Your Own,FALSE,NNRT(H),FALSE,Karma,FALSE,IDOL syndrome.,FALSE,PHOTONGENIC(H),FALSE,ｽｰﾊﾟｰ戦湯ﾊﾞﾊﾞﾝﾊﾞｰﾝ(H),,,,
,,,,,,FALSE,The Rebellion of Sequencer(H),FALSE,Mighty Cutie(H),FALSE,N.O.,FALSE,kors k's How to make OTOGE CORE ｢LONG｣(H),FALSE,Inferno of Fomalhaut(H),FALSE,Pinky Happy Crazy(H),FALSE,即席!脳直★ﾐｭｰｼﾞｯｸｼｽﾃﾑ(H),,,,
,,,,,,FALSE,Time To Empress,FALSE,Music is The Answer,FALSE,NPC World,FALSE,La dolce primavera,FALSE,INVISIBLE STRIX(H),FALSE,Raison d'être～交差する宿命～(H),FALSE,轟け!恋のﾋﾞｰﾝﾎﾞｰﾙ!!(H),,,,
,,,,,,FALSE,TOMAHAWK(H),FALSE,New Lights,FALSE,NRG STAR'86feat.大山愛未,FALSE,Level One(H),FALSE,JUSTICE/GUILTY feat.Nana Takahashi&709sec.(H),FALSE,Rampage(H),FALSE,"ﾋﾟｱﾉ独奏無言歌 ""灰燼""(H)←難度3～4へ昇格予定",,,,
,,,,,,FALSE,Tori-no-kimochi,FALSE,Nightmare before oversleep(H),FALSE,Ocean Blue feat. Luschel,FALSE,mathematical good-bye,FALSE,Konzert V(H),FALSE,RALLY’25(H),,,,,,
,,,,,,FALSE,Tripping Jumping,FALSE,NITROUS CANNON(H),FALSE,ONIGOROSHI(H),FALSE,MAX300(H),FALSE,Last Burning,FALSE,Remedy feat.Kanae Asaba,,,,,,
,,,,,,FALSE,voltississimo(H),FALSE,one or eight(H),FALSE,ORCA(H),FALSE,mosaic(H),FALSE,Lift Us High,FALSE,Rewind Time,,,,,,
,,,,,,FALSE,WHA(H),FALSE,OTENAMI Hurricane(H),FALSE,OUTER PLANETS,FALSE,MOVE!(We Keep It Movin'),FALSE,Light Shine,FALSE,RINИE(H),,,,,,
,,,,,,FALSE,WE LOVE SHONAN(HARD地雷),FALSE,Party Starter,FALSE,passionate fate,FALSE,NEEDLESS MY LOVE FOR YOU,FALSE,LOUDER ROLLING THUNDER(H),FALSE,Secret Rouge,,,,,,
,,,,,,FALSE,Won Chu Kiss Me!,FALSE,Peng-Ging Sky High!!,FALSE,Phoenix,FALSE,No.13(H),FALSE,Lucky Days,FALSE,Silver Bullet(H),,,,,,
,,,,,,FALSE,XIΘ(H),FALSE,Piano Samurai,FALSE,Pink Rose(L),FALSE,NO LIMIT-オレ達に限界は無い-,FALSE,Luna Plena,FALSE,Star Trail,,,,,,
,,,,,,FALSE,ｵﾚはﾋﾞｰﾄﾏﾆｱ!お前は何ﾏﾆｱ?,FALSE,POSSESSION(H),FALSE,PIRATES BLADE,FALSE,Non Fiction Story!,FALSE,Magical,FALSE,Symmetry(H),,,,,,
,,,,,,FALSE,共鳴遊戯の華(H),FALSE,P.O.W.E.R.,FALSE,PIT A PAT,FALSE,Nowhere,FALSE,MARLIN(H),FALSE,THE BLACK KNIGHT(H),,,,,,
,,,,,,FALSE,月光,FALSE,Purple Perplex(H),FALSE,Plan 8(H),FALSE,Painful Fate(H),FALSE,Mars beach,FALSE,The Commanders,,,,,,
,,,,,,FALSE,灼熱Beach Side Bunny(H),FALSE,Regulus,FALSE,POODLE,FALSE,Peaktime Booster(H),FALSE,MAXIMUM CHEAT GIRL(H),FALSE,The Last Apocalypse(H),,,,,,
,,,,,,FALSE,ｼｭﾚｰﾃﾞｨﾝｶﾞｰの猫(H),FALSE,REPLAY,FALSE,Prohibited Props,FALSE,PERFECT HUMAN,FALSE,MAX LOVE,FALSE,TITANIUM RIDERS,,,,,,
,,,,,,FALSE,ｼﾑﾙｸﾞの目醒め(H),FALSE,Session 9-Chronicles-(H),FALSE,Programmed Life,FALSE,planarian,FALSE,MAX 360(H),FALSE,u gotta beat(H),,,,,,
,,,,,,FALSE,少年A(H),FALSE,Shooting Fireball(H),FALSE,Proof of the existence(H),FALSE,Plazma,FALSE,MENTAL MELTDOWN(H),FALSE,Violet Pulse,,,,,,
,,,,,,FALSE,少年は空を辿る(H),FALSE,Snake Stick(H),FALSE,Punch Love♡仮面,FALSE,Rainbow after snow,FALSE,Mr.T.(take me higher),FALSE,Viridian(H),,,,,,
,,,,,,FALSE,雪月花(H),FALSE,So Fabulous !!,FALSE,QUANTUM TELEPORTATION(H),FALSE,rainbow rainbow(H),FALSE,n/a(H),FALSE,Vermilion Carol(H),,,,,,
,,,,,,FALSE,少女ｱﾘｽと箱庭幻想ｺﾝﾁｪﾙﾄ,FALSE,soldier's waltz(HARD地雷),FALSE,Quickening,FALSE,Rainstorm,FALSE,Neonlights,FALSE,Vermillion(※Resort AnthemのMystic Moonの曲),,,,,,
,,,,,,FALSE,聖人の塔(H),FALSE,SOMETHING WONDERFUL,FALSE,RAGE feat.H14 of LEONAIR(H),FALSE,Red.by full metal Jucket(H),FALSE,neu(H),FALSE,Why did you go away,,,,,,
,,,,,,FALSE,電人、暁に斃れる。(H),FALSE,Static State,FALSE,Release The Music,FALSE,refrain(H),FALSE,No Day But Today!,FALSE,Without Heaven(H),,,,,,
,,,,,,FALSE,煉獄のｴﾙﾌｪﾘｱ(H),FALSE,stoic(H),FALSE,Rottel the mercury,FALSE,REMINISCENCE,FALSE,Papilio ulysses(H),FALSE,XHRONOXAPSULΞ(H),,,,,,
,,,,,,FALSE,罠,FALSE,StrayedCatz(H),FALSE,Roulette,FALSE,RISE,FALSE,PHOTONGENIC(A),FALSE,Xperanza(H),,,,,,
,,,,,,FALSE,,FALSE,suspicions(H),FALSE,Scripted Connection⇒ A mix(H),FALSE,Rise'n Beauty,FALSE,Queen's Tragedy,FALSE,#CMFLG(H),,,,,,
,,,,,,,,FALSE,Sweet Sweet Magic,FALSE,Scripted Connection⇒ H mix(H),FALSE,RESONATE1794(H),FALSE,rage against usual(H),TRUE,ｱｲﾄﾞﾙ,,,,,,
,,,,,,,,FALSE,SYNC-ANTHEM(H),FALSE,Sephirot,FALSE,ruin of opals(H),FALSE,Raspberry Railgun(H),FALSE,ｱｸﾏﾌｶ,,,,,,
,,,,,,,,FALSE,Technicolour Dreams,FALSE,She is my wife,FALSE,rumrum triplets(H),FALSE,Really Love,FALSE,紫陽花-AZISAI-(H),,,,,,
,,,,,,,,FALSE,THE DOOR INTO RAINBOW,FALSE,Shuriken,FALSE,SA.YO.NA.RA. SUPER STAR,FALSE,Re:GENERATION,FALSE,生きるよすが,,,,,,
,,,,,,,,FALSE,The Limbo(H),FALSE,Silly Love,FALSE,SCORE,FALSE,RESISTANCE,FALSE,愛しくてﾗｳﾞｨﾝﾕｰ ft.ﾏﾅ,,,,,,
,,,,,,,,FALSE,This is Love,FALSE,Ska-sh All Neurons!!,FALSE,SHINING☆DANCE,FALSE,Resonant(H),FALSE,おとせｻﾝﾀﾞｰ,,,,,,
,,,,,,,,FALSE,TROOPERS(H),FALSE,Skreaming for Salvation(H),FALSE,SHION,FALSE,Re:Story,FALSE,お命ちょうDAI!901娘,,,,,,
,,,,,,,,FALSE,uәn(H),FALSE,Smashing Wedge(H),FALSE,SISYPHUS(H),FALSE,Saturn(H),FALSE,お願いｱｲﾝｼｭﾀｲﾝ,,,,,,
,,,,,,,,FALSE,Unbelief(H),FALSE,smooooch・∀・,FALSE,Sky High(H),FALSE,Several Words,FALSE,ｵﾌﾞｿﾐｰﾄ,,,,,,
,,,,,,,,FALSE,Vinculum stellarum(H),FALSE,smooooch・∀・(Snail's House Remix),FALSE,snow storm,FALSE,SINOBUZ Fantasy,TRUE,朧,,,,,,
,,,,,,,,FALSE,VR-Virtual Reality(prod.by Snail's House)(L),FALSE,SOLAR ECLIPSE(H),FALSE,Sorrows,FALSE,Smalt #28598F(H),FALSE,鴉(H),,,,,,
,,,,,,,,FALSE,Vulnerability(H),FALSE,SOLID STATE SQUAD -RISEN RELIC REMIX-,FALSE,Space Time,FALSE,Snakey Kung-fu(H),FALSE,傷つけど、愛してる。,,,,,,
,,,,,,,,FALSE,WAR GAME,FALSE,SOLITON BEAM,FALSE,SPARK IN THE NIGHT,FALSE,SOUND OF GIALLARHORN(H),FALSE,狂ｲ咲ｹ焔ﾉ華(H),,,,,,
,,,,,,,,FALSE,Wing of Hearts,FALSE,So Punky,FALSE,STEEL NEEDLE(H),FALSE,SPEED DEMON,FALSE,残像ﾆ繋ｶﾞﾚﾀ追憶ﾉHIDEAWAY(H),,,,,,
,,,,,,,,FALSE,YAKSHA(H),FALSE,Sphere,FALSE,Stepper,FALSE,STARLIGHT JUNCTION,FALSE,ｼｭｯﾊﾟﾂｼﾝｺｳ･ｼｻｶﾝｺ,,,,,,
,,,,,,,,FALSE,yellow head joe,FALSE,STAR BEAT,FALSE,STULTI(H),FALSE,Starry Night,FALSE,純真可憐ﾃﾞｻﾞｲｱ,,,,,,
,,,,,,,,FALSE,栄冠のｶﾝﾊﾟﾈﾗ(H),FALSE,Sunny Day Vibes,FALSE,Summerblue,FALSE,Stereo Beasts(H),FALSE,神謳-RESONANCE-(H),,,,,,
,,,,,,,,FALSE,がっつり陰ｷｬ!?怪盗いいんちょの億劫^^;(H),FALSE,symbolic,FALSE,Super Duper Racers,FALSE,Sugarplum,FALSE,ぞうしょく!?ﾏｲﾃﾞﾝﾃｨﾃｨ(H),,,,,,
,,,,,,,,FALSE,お菓子の王国(H),FALSE,sync,FALSE,Surf on the Light,FALSE,Sword of Vengeance(H),FALSE,抱きしめてﾓﾅﾑｰﾙ(H),,,,,,
,,,,,,,,FALSE,お米の美味しい炊き方,FALSE,Time to Air(H),FALSE,take me higher,FALSE,TA･DA ☆ YO･SHI,FALSE,たまゆら(H),,,,,,
,,,,,,,,FALSE,ｵﾙﾀﾈｲﾄβ,FALSE,That Feeling,FALSE,THANK YOU FOR PLAYING,FALSE,The Clown of 24stairs(H),TRUE,ちゅ､多様性｡(L),,,,,,
,,,,,,,,FALSE,俺ら東京さ行ぐだ,FALSE,THE BRAVE MUST DIE(H),FALSE,The Chase(H),FALSE,The Hope of Tomorrow,FALSE,翼(L),,,,,,
,,,,,,,,FALSE,革命(A),FALSE,THE DAY OF JUBILATIONS(H),FALSE,THE DEEP STRIKER(H),FALSE,Tizona d'El Cid,FALSE,罪と罰,,,,,,
,,,,,,,,FALSE,子供の落書き帳(H),FALSE,THE DETONATOR(H),FALSE,toy boxer,FALSE,TRANOID(H),FALSE,ﾅｲﾄﾌｨｸｼｮﾝ,,,,,,
,,,,,,,,FALSE,今宵､ﾛﾏﾝｽ横丁｡(H),FALSE,The Dirty of Loudness(H),FALSE,traces,FALSE,TOXIC VIBRATION(H),FALSE,ﾊﾘﾂﾔﾗﾝﾃﾞｳﾞｰ,,,,,,
,,,,,,,,FALSE,金野火織の金色提言(H),FALSE,The Story Begins,FALSE,Trill auf G(H),FALSE,True Blue(H),FALSE,伐折羅-vajra-(H),,,,,,
,,,,,,,,FALSE,桜(H),FALSE,The Wind of China Express(The 4th Mashup),FALSE,Tropical April(H),FALSE,Uaigh Gealaí(H),FALSE,冬椿 ft.Kanae Asaba,,,,,,
,,,,,,,,FALSE,真 地獄超特急-HELL or HELL-(H),FALSE,tripping contact(teranoid&MC Natsack Remix)(H),FALSE,Turii～Panta rhei～,FALSE,UMMU(H),FALSE,閉塞的ﾌﾚｰｼｮﾝ,,,,,,
,,,,,,,,FALSE,刃図羅(H),FALSE,Twelfth Style,FALSE,Valanga(H),FALSE,UNITE THE HEART(H),FALSE,星屑ﾃﾞｨｽﾀﾝｼｱ,,,,,,
,,,,,,,,FALSE,ﾊﾞｽﾙｰﾑﾛﾏﾝｽ,FALSE,V(H),FALSE,valut of heavn,FALSE,Übertreffen(H),FALSE,ﾎﾟﾗﾘｽﾉｳﾀ,,,,,,
,,,,,,,,FALSE,ﾋﾞｭｰﾃｨﾌﾙﾚｼｰﾄ,FALSE,Vermilion(※SINOBUZのRemo-conの曲),FALSE,Verfulucht(H),FALSE,VALLIS-NERIA(H),FALSE,未完成ﾉ蒸氣驅動乙女(H),,,,,,
,,,,,,,,FALSE,ﾍﾞｨｽﾄﾞﾛｯﾌﾟ･ﾌﾘｰｸｽ,FALSE,Vibing! Shake It!,FALSE,VIBRΛ,FALSE,Venom(H),FALSE,禊(H),,,,,,
,,,,,,,,FALSE,烽火連天の刃(H),FALSE,Virus Funk,FALSE,Votum stellarum,FALSE,visterhv(H),TRUE,冥(H),,,,,,
,,,,,,,,FALSE,霧幻ﾒﾓﾘｱ,FALSE,VJ ARMY,FALSE,waxing and wanding(H),FALSE,VOLAQUAS(H),FALSE,龍王の霊廟(H),,,,,,
,,,,,,,,FALSE,ﾘﾘｰｾﾞと炎龍ﾚｰｳﾞｧﾃｲﾝ(H),FALSE,Votania Beat,FALSE,Welcome(H),FALSE,Voo Doo Bamboleo,FALSE,ﾋﾏﾜﾘ,,,,,,
,,,,,,,,FALSE,恋愛=精度×認識力(H),FALSE,WaterCube Pf.(RX-Ver.S.P.L.),FALSE,Wonderful Escape,FALSE,We're so Happy(P*Light Remix)IIDX ver.(H),FALSE,山岡晃の「ｸｲｽﾞ!家事都合!」,,,,,,
,,,,,,,,,,FALSE,Xerulean(H),FALSE,X(H),FALSE,Winner's Proof ft.KANASA from bless4,FALSE,【個人差】,,,,,,
,,,,,,,,,,FALSE,ZERO-ONE,FALSE,Xepher(H),FALSE,Wuv U,FALSE,bag,,,,,,
,,,,,,,,,,FALSE,あいつら全員同窓会,FALSE,Yellow Sunrise,FALSE,XANADU OF TWO,FALSE,BLACK or WHITE?(H),,,,,,
,,,,,,,,,,FALSE,梅雪夜,FALSE,Zenius -I- vanisher,FALSE,Xb10r(H),FALSE,Cult Invitation(H),,,,,,
,,,,,,,,,,FALSE,踊(L),FALSE,Zirkfied(H),FALSE,ZEROIN ON THE LIGHT,FALSE,DIAMOND CROSSING(H),,,,,,
,,,,,,,,,,FALSE,華麗なる大犬円舞曲(H),FALSE,朱と碧のﾗﾝﾍﾟｰｼﾞ,FALSE,妖隠し-あやかしかくし-,FALSE,Gravigazer(H),,,,,,
,,,,,,,,,,TRUE,ｷｬﾄられ♡恋はﾓ～ﾓｸ(H),FALSE,十六夜ｾﾂﾅ,FALSE,ｱﾙｽﾄﾛﾒﾘｱ,FALSE,HEISEI(H),,,,,,
,,,,,,,,,,FALSE,ｷﾞｮｷﾞｮっと人魚♨爆婚ﾌﾞﾗｲﾀﾞﾙ,FALSE,ｵｯﾄﾞ♡ﾗｳﾞｨ,FALSE,おおきなこえで(L),FALSE,INORI(H),,,,,,
,,,,,,,,,,FALSE,口ｶﾗ凸ｹﾞｷ,FALSE,革命(H),FALSE,音楽(H),FALSE,Lightspeed(H),,,,,,
,,,,,,,,,,FALSE,■□模様,FALSE,可愛くてごめん(L),FALSE,神っぽいな,FALSE,NOIXIA(H),,,,,,
,,,,,,,,,,FALSE,恋はどう?ﾓﾛ◎波動OK☆方程式!!,FALSE,閠槞彁の願い(H),FALSE,ｷｽｷﾂﾈ,FALSE,QQQ,,,,,,
,,,,,,,,,,FALSE,疾風迅雷(H),FALSE,ｸﾞﾗﾅﾀﾞの風,TRUE,きゅうくらりん,FALSE,ZZ(H),,,,,,
,,,,,,,,,,FALSE,終焔のClaudia(H),FALSE,最強頂戴girl♡,FALSE,共犯ﾍｳﾞﾝｽﾞｺｰﾄﾞ,FALSE,ｸﾙｸﾙ☆ﾗﾌﾞ〜Opioid Peptide MIX〜,,,,,,
,,,,,,,,,,FALSE,湘南ﾛﾝﾘｰMIDNIGHT RAIN,FALSE,ｻﾖﾅﾗ･ﾍｳﾞﾝ-Celtic Chip Dance Mix-,FALSE,ｹﾞｼｭﾀﾙﾄ,FALSE,"ﾜﾙﾂ第17番 ト短調""大犬のﾜﾙﾂ""(H)",,,,,,
,,,,,,,,,,FALSE,それが､ﾎﾞｸの使命～ﾚｽｷｭｰ隊長ﾒﾝｷｭｰ～,FALSE,ｼﾝﾃﾞﾚﾗ,FALSE,ここからよろしく大作戦143,,,,,,,,
,,,,,,,,,,FALSE,それは花火のような恋(H),FALSE,水上の提督,FALSE,逆月(H),,,,,,,,
,,,,,,,,,,FALSE,弾幕信仰,FALSE,衰色小町ﾒﾗﾝｺﾘｱ,FALSE,灼熱Lost Summer Dayz(H),,,,,,,,
,,,,,,,,,,FALSE,天空の夜明け(H),FALSE,ﾃﾞｨｽｺﾙﾃﾞｨｱ(H),FALSE,消極的ｾﾂﾅｲｽﾞﾑ,,,,,,,,
,,,,,,,,,,FALSE,天空脳番長危機十六連打(H),FALSE,ﾃﾞﾋﾞﾙじゃないもん,FALSE,深愛のﾘｸﾞﾚｯﾄ,,,,,,,,
,,,,,,,,,,FALSE,取り残された美術(Arranged:HiZuMi),FALSE,天使のｶﾝﾀｰﾀ-Cantata of Angels-(H),FALSE,新宝島,,,,,,,,
,,,,,,,,,,FALSE,ﾄﾞﾘﾑﾁｳ,FALSE,突撃!ｶﾞﾗｽのﾆｰｿ姫!,FALSE,進捗ﾀﾞﾒﾀﾞﾒです,,,,,,,,
,,,,,,,,,,FALSE,夏風邪ﾃﾞｽｺ,FALSE,夏色DIARY-L.E.D.-G STYLE MIX-(H),FALSE,雪上断火(H),,,,,,,,
,,,,,,,,,,FALSE,廿,FALSE,二人ﾉ廃城幽踊宴(H),FALSE,草原の王女-軌跡を辿って-,,,,,,,,
,,,,,,,,,,FALSE,儚ｷ戀ﾉ幻想譚(H),FALSE,めいさいｱｲﾄﾞﾙ☆あいむちゃん♪(H),FALSE,∀(H),,,,,,,,
,,,,,,,,,,FALSE,-65℃(H),FALSE,海神(H),FALSE,中華急行,,,,,,,,
,,,,,,,,,,FALSE,水無月の雫 ft. 小林まな,FALSE,我ら完全無敵のｱｲﾄﾞﾙ!!,FALSE,超!!遠距離らぶ♡ﾒ～ﾙ,,,,,,,,
,,,,,,,,,,FALSE,ﾒｲﾒﾂ､ﾌﾗｸﾞﾒﾝﾂ,,,FALSE,津軽雪(H),,,,,,,,
,,,,,,,,,,FALSE,めでてえ,,,FALSE,電光(H),,,,,,,,
,,,,,,,,,,FALSE,ﾗｷﾗｷ,,,FALSE,電脳都市(H),,,,,,,,
,,,,,,,,,,FALSE,楽園追放,,,FALSE,ﾊｲ＊ﾋﾞｽｶｽft.Kanae Asaba,,,,,,,,
,,,,,,,,,,FALSE,凛として咲く花の如く,,,FALSE,ＰＡＳＴＥＬＩＳＭ,,,,,,,,
,,,,,,,,,,FALSE,流桜ノ門,,,FALSE,華爛漫-Flowers-,,,,,,,,
,,,,,,,,,,,,,,FALSE,ﾊﾙｲﾛﾒﾛﾃﾞｨｰ,,,,,,,,
,,,,,,,,,,,,,,FALSE,表裏一体!?怪盗いいんちょの悩み♡(H),,,,,,,,
,,,,,,,,,,,,,,FALSE,星をこの手に,,,,,,,,
,,,,,,,,,,,,,,FALSE,ﾗﾌﾞｷﾗ☆ｽﾌﾟﾗｯｼｭ,,,,,,,,
,,,,,,,,,,,,,,FALSE,ﾘｸﾞﾚｯﾄ,,,,,,,,